First Name,Last Name,Email,Password,Phone Number,Address,Age,City
Giles,Dooley,Javier_Schoen86@hotmail.com,9XXd3pHSqCt8MTk,741-579-7056 x882,858 Washington Boulevard,24,Twin Falls
Marcelo,Greenholt,Jillian_Swift@yahoo.com,2N7hGz75VMlYN2u,981-313-2133,64736 Idell Islands,53,Bristol
Gretchen,Ortiz,Leonard30@hotmail.com,tDfywnnXJbWgwfZ,561-612-8578 x1997,810 E 8th Street,62,Fort Godfrey
Stanford,Kassulke,Devonte.Rippin45@hotmail.com,ZbaOtEHPQ7yKVJQ,(875) 973-0806 x11669,944 Schmidt Mountain,36,Fort Faehaven
Eda,Kshlerin,Maymie_Bradtke23@hotmail.com,cSBarIL4M4AdXTN,314-263-6999 x7717,585 Medhurst Avenue,40,Weissnatchester
Karine,Legros,Lafayette.Feeney15@hotmail.com,AEEGNE2Cgk8oAg6,1-981-821-5072 x95900,510 Jackeline Parks,18,Temecula
Sydnee,Mraz,Ilene_Johns67@gmail.com,nGt7kFx2tQY2eQR,314.395.4786 x41891,2273 8th Street,33,Huelsstad
Valentina,Jones,Jed_OConnell54@yahoo.com,C0yl9rawHKhrMDY,346-532-6371 x95012,173 Ridge Road,59,Port Jaceworth
Jarrod,Morissette,Stefanie90@gmail.com,nwQ9XHtSpfgJq1U,223-626-3337 x9418,5691 Barton Mall,49,Careyfield
Aditya,Metz,Dortha70@gmail.com,tA_qNCeO2D72RiA,966.353.5124 x90597,9310 Howard Street,31,Jenacester
